{
    "loading": [
      {
        "width": 8063,
        "height": 5375
      },
      {
        "width": 3416,
        "height": 5124
      },
      {
        "height":350,
        "width":200
      },
      {
        "width": 2160,
        "height": 3238
      },{
        "width": 4914,
        "height": 4000
      },{
        "width": 9600,
        "height": 5400
      },{
        "width": 6240,
        "height": 4160
      },{
        "width": 5304,
        "height": 7952
      },{  "width": 2000,
        "height": 2500}
    ]
  }