{
  "applyElevationOverlayColor": false,
  "backgroundColor": "#fffdfcff",
  "bottomAppBarColor": "#fffdfcff",
  "brightness": "light",
  "buttonTheme": {
    "alignedDropdown": false,
    "colorScheme": {
      "background": "#fffdfcff",
      "brightness": "light",
      "error": "#ffba1b1b",
      "errorContainer": "#ffffdad4",
      "inversePrimary": "#ff9ccaff",
      "inverseSurface": "#ff2f3033",
      "onBackground": "#ff1b1b1b",
      "onError": "#ffffffff",
      "onErrorContainer": "#ff410001",
      "onInverseSurface": "#fff1f0f4",
      "onPrimary": "#ffffffff",
      "onPrimaryContainer": "#ff00154f",
      "onSecondary": "#ffffffff",
      "onSecondaryContainer": "#ff101c2b",
      "onSurface": "#ff1b1b1b",
      "onSurfaceVariant": "#ff42474e",
      "onTertiary": "#ffffffff",
      "onTertiaryContainer": "#ff251432",
      "outline": "#ff73777f",
      "primary": "#ff003aa6",
      "primaryContainer": "#ffdae1ff",
      "secondary": "#ff535f70",
      "secondaryContainer": "#ffd6e3f7",
      "shadow": "#ff000000",
      "surface": "#fffdfcff",
      "surfaceTint": "#ff0061a6",
      "surfaceVariant": "#ffdfe2eb",
      "tertiary": "#ff6b5778",
      "tertiaryContainer": "#fff3daff"
    },
    "height": 36,
    "layoutBehavior": "padded",
    "minWidth": 88,
    "padding": {
      "bottom": 0,
      "left": 16,
      "right": 16,
      "top": 0
    },
    "shape": {
      "borderRadius": {
        "bottomLeft": {
          "type": "elliptical",
          "x": 2,
          "y": 2
        },
        "bottomRight": {
          "type": "elliptical",
          "x": 2,
          "y": 2
        },
        "topLeft": {
          "type": "elliptical",
          "x": 2,
          "y": 2
        },
        "topRight": {
          "type": "elliptical",
          "x": 2,
          "y": 2
        },
        "type": "only"
      },
      "side": {
        "color": "#ff000000",
        "style": "none",
        "width": 0
      },
      "type": "rounded"
    },
    "textTheme": "normal"
  },
  "canvasColor": "#fffdfcff",
  "cardColor": "#fffdfcff",
  "colorScheme": {
    "background": "#fffdfcff",
    "brightness": "light",
    "error": "#ffba1b1b",
    "errorContainer": "#ffffdad4",
    "inversePrimary": "#ff9ccaff",
    "inverseSurface": "#ff2f3033",
    "onBackground": "#ff1b1b1b",
    "onError": "#ffffffff",
    "onErrorContainer": "#ff410001",
    "onInverseSurface": "#fff1f0f4",
    "onPrimary": "#ffffffff",
    "onPrimaryContainer": "#ff00154f",
    "onSecondary": "#ffffffff",
    "onSecondaryContainer": "#ff101c2b",
    "onSurface": "#ff1b1b1b",
    "onSurfaceVariant": "#ff42474e",
    "onTertiary": "#ffffffff",
    "onTertiaryContainer": "#ff251432",
    "outline": "#ff73777f",
    "primary": "#ff003aa6",
    "primaryContainer": "#ffdae1ff",
    "secondary": "#ff535f70",
    "secondaryContainer": "#ffd6e3f7",
    "shadow": "#ff000000",
    "surface": "#fffdfcff",
    "surfaceTint": "#ff0061a6",
    "surfaceVariant": "#ffdfe2eb",
    "tertiary": "#ff6b5778",
    "tertiaryContainer": "#fff3daff"
  },
  "dialogBackgroundColor": "#fffdfcff",
  "disabledColor": "#61000000",
  "dividerColor": "#1f1b1b1b",
  "errorColor": "#ffba1b1b",
  "focusColor": "#1f000000",
  "highlightColor": "#66bcbcbc",
  "hintColor": "#99000000",
  "hoverColor": "#0a000000",
  "iconTheme": {
    "color": "#dd000000"
  },
  "indicatorColor": "#ffffffff",
  "inputDecorationTheme": {
    "alignLabelWithHint": false,
    "filled": false,
    "floatingLabelAlignment": "start",
    "floatingLabelBehavior": "auto",
    "isCollapsed": false,
    "isDense": false
  },
  "materialTapTargetSize": "shrinkWrap",
  "platform": "macOS",
  "primaryColor": "#ff003aa6",
  "primaryColorDark": "#ff1976d2",
  "primaryColorLight": "#ffbbdefb",
  "primaryIconTheme": {
    "color": "#ffffffff"
  },
  "primaryTextTheme": {
    "bodyLarge": {
      "color": "#ffffffff",
      "decoration": "none",
      "fontFamily": ".AppleSystemUIFont",
      "fontWeight": "w400",
      "fontSize": 16,
      "inherit": true,
      "letterSpacing": 0.5,
      "textBaseline": "alphabetic"
    },
    "bodyMedium": {
      "color": "#ffffffff",
      "decoration": "none",
      "fontFamily": ".AppleSystemUIFont",
      "fontWeight": "w400",
      "fontSize": 14,
      "inherit": true,
      "letterSpacing": 0.25,
      "textBaseline": "alphabetic"
    },
    "bodySmall": {
      "color": "#b3ffffff",
      "decoration": "none",
      "fontFamily": ".AppleSystemUIFont",
      "fontWeight": "w400",
      "fontSize": 12,
      "inherit": true,
      "letterSpacing": 0.4,
      "textBaseline": "alphabetic"
    },
    "displayLarge": {
      "color": "#b3ffffff",
      "decoration": "none",
      "fontFamily": ".AppleSystemUIFont",
      "fontWeight": "w300",
      "fontSize": 96,
      "inherit": true,
      "letterSpacing": -1.5,
      "textBaseline": "alphabetic"
    },
    "displayMedium": {
      "color": "#b3ffffff",
      "decoration": "none",
      "fontFamily": ".AppleSystemUIFont",
      "fontWeight": "w300",
      "fontSize": 60,
      "inherit": true,
      "letterSpacing": -0.5,
      "textBaseline": "alphabetic"
    },
    "displaySmall": {
      "color": "#b3ffffff",
      "decoration": "none",
      "fontFamily": ".AppleSystemUIFont",
      "fontWeight": "w400",
      "fontSize": 48,
      "inherit": true,
      "letterSpacing": 0,
      "textBaseline": "alphabetic"
    },
    "headlineLarge": {
      "color": "#b3ffffff",
      "decoration": "none",
      "fontFamily": ".AppleSystemUIFont",
      "fontWeight": "w400",
      "fontSize": 40,
      "inherit": true,
      "letterSpacing": 0.25,
      "textBaseline": "alphabetic"
    },
    "headlineMedium": {
      "color": "#b3ffffff",
      "decoration": "none",
      "fontFamily": ".AppleSystemUIFont",
      "fontWeight": "w400",
      "fontSize": 34,
      "inherit": true,
      "letterSpacing": 0.25,
      "textBaseline": "alphabetic"
    },
    "headlineSmall": {
      "color": "#ffffffff",
      "decoration": "none",
      "fontFamily": ".AppleSystemUIFont",
      "fontWeight": "w400",
      "fontSize": 24,
      "inherit": true,
      "letterSpacing": 0,
      "textBaseline": "alphabetic"
    },
    "labelLarge": {
      "color": "#ffffffff",
      "decoration": "none",
      "fontFamily": ".AppleSystemUIFont",
      "fontWeight": "w500",
      "fontSize": 14,
      "inherit": true,
      "letterSpacing": 1.25,
      "textBaseline": "alphabetic"
    },
    "labelMedium": {
      "color": "#ffffffff",
      "decoration": "none",
      "fontFamily": ".AppleSystemUIFont",
      "fontWeight": "w400",
      "fontSize": 11,
      "inherit": true,
      "letterSpacing": 1.5,
      "textBaseline": "alphabetic"
    },
    "labelSmall": {
      "color": "#ffffffff",
      "decoration": "none",
      "fontFamily": ".AppleSystemUIFont",
      "fontWeight": "w400",
      "fontSize": 10,
      "inherit": true,
      "letterSpacing": 1.5,
      "textBaseline": "alphabetic"
    },
    "titleLarge": {
      "color": "#ffffffff",
      "decoration": "none",
      "fontFamily": ".AppleSystemUIFont",
      "fontWeight": "w500",
      "fontSize": 20,
      "inherit": true,
      "letterSpacing": 0.15,
      "textBaseline": "alphabetic"
    },
    "titleMedium": {
      "color": "#ffffffff",
      "decoration": "none",
      "fontFamily": ".AppleSystemUIFont",
      "fontWeight": "w400",
      "fontSize": 16,
      "inherit": true,
      "letterSpacing": 0.15,
      "textBaseline": "alphabetic"
    },
    "titleSmall": {
      "color": "#ffffffff",
      "decoration": "none",
      "fontFamily": ".AppleSystemUIFont",
      "fontWeight": "w500",
      "fontSize": 14,
      "inherit": true,
      "letterSpacing": 0.1,
      "textBaseline": "alphabetic"
    }
  },
  "scaffoldBackgroundColor": "#fffdfcff",
  "secondaryHeaderColor": "#ffe3f2fd",
  "selectedRowColor": "#fff5f5f5",
  "shadowColor": "#ff000000",
  "splashColor": "#66c8c8c8",
  "splashFactory": "splash",
  "textTheme": {
    "bodyLarge": {
      "color": "#dd000000",
      "decoration": "none",
      "fontFamily": ".AppleSystemUIFont",
      "fontWeight": "w400",
      "fontSize": 16,
      "inherit": true,
      "letterSpacing": 0.5,
      "textBaseline": "alphabetic"
    },
    "bodyMedium": {
      "color": "#dd000000",
      "decoration": "none",
      "fontFamily": ".AppleSystemUIFont",
      "fontWeight": "w400",
      "fontSize": 14,
      "inherit": true,
      "letterSpacing": 0.25,
      "textBaseline": "alphabetic"
    },
    "bodySmall": {
      "color": "#8a000000",
      "decoration": "none",
      "fontFamily": ".AppleSystemUIFont",
      "fontWeight": "w400",
      "fontSize": 12,
      "inherit": true,
      "letterSpacing": 0.4,
      "textBaseline": "alphabetic"
    },
    "displayLarge": {
      "color": "#8a000000",
      "decoration": "none",
      "fontFamily": ".AppleSystemUIFont",
      "fontWeight": "w300",
      "fontSize": 96,
      "inherit": true,
      "letterSpacing": -1.5,
      "textBaseline": "alphabetic"
    },
    "displayMedium": {
      "color": "#8a000000",
      "decoration": "none",
      "fontFamily": ".AppleSystemUIFont",
      "fontWeight": "w300",
      "fontSize": 60,
      "inherit": true,
      "letterSpacing": -0.5,
      "textBaseline": "alphabetic"
    },
    "displaySmall": {
      "color": "#8a000000",
      "decoration": "none",
      "fontFamily": ".AppleSystemUIFont",
      "fontWeight": "w400",
      "fontSize": 48,
      "inherit": true,
      "letterSpacing": 0,
      "textBaseline": "alphabetic"
    },
    "headlineLarge": {
      "color": "#8a000000",
      "decoration": "none",
      "fontFamily": ".AppleSystemUIFont",
      "fontWeight": "w400",
      "fontSize": 40,
      "inherit": true,
      "letterSpacing": 0.25,
      "textBaseline": "alphabetic"
    },
    "headlineMedium": {
      "color": "#8a000000",
      "decoration": "none",
      "fontFamily": ".AppleSystemUIFont",
      "fontWeight": "w400",
      "fontSize": 34,
      "inherit": true,
      "letterSpacing": 0.25,
      "textBaseline": "alphabetic"
    },
    "headlineSmall": {
      "color": "#dd000000",
      "decoration": "none",
      "fontFamily": ".AppleSystemUIFont",
      "fontWeight": "w400",
      "fontSize": 24,
      "inherit": true,
      "letterSpacing": 0,
      "textBaseline": "alphabetic"
    },
    "labelLarge": {
      "color": "#dd000000",
      "decoration": "none",
      "fontFamily": ".AppleSystemUIFont",
      "fontWeight": "w500",
      "fontSize": 14,
      "inherit": true,
      "letterSpacing": 1.25,
      "textBaseline": "alphabetic"
    },
    "labelMedium": {
      "color": "#ff000000",
      "decoration": "none",
      "fontFamily": ".AppleSystemUIFont",
      "fontWeight": "w400",
      "fontSize": 11,
      "inherit": true,
      "letterSpacing": 1.5,
      "textBaseline": "alphabetic"
    },
    "labelSmall": {
      "color": "#ff000000",
      "decoration": "none",
      "fontFamily": ".AppleSystemUIFont",
      "fontWeight": "w400",
      "fontSize": 10,
      "inherit": true,
      "letterSpacing": 1.5,
      "textBaseline": "alphabetic"
    },
    "titleLarge": {
      "color": "#dd000000",
      "decoration": "none",
      "fontFamily": ".AppleSystemUIFont",
      "fontWeight": "w500",
      "fontSize": 20,
      "inherit": true,
      "letterSpacing": 0.15,
      "textBaseline": "alphabetic"
    },
    "titleMedium": {
      "color": "#dd000000",
      "decoration": "none",
      "fontFamily": ".AppleSystemUIFont",
      "fontWeight": "w400",
      "fontSize": 16,
      "inherit": true,
      "letterSpacing": 0.15,
      "textBaseline": "alphabetic"
    },
    "titleSmall": {
      "color": "#ff000000",
      "decoration": "none",
      "fontFamily": ".AppleSystemUIFont",
      "fontWeight": "w500",
      "fontSize": 14,
      "inherit": true,
      "letterSpacing": 0.1,
      "textBaseline": "alphabetic"
    }
  },
  "toggleableActiveColor": "#ff535f70",
  "typography": {
    "black": {
      "bodyLarge": {
        "color": "#dd000000",
        "decoration": "none",
        "fontFamily": ".AppleSystemUIFont",
        "inherit": true
      },
      "bodyMedium": {
        "color": "#dd000000",
        "decoration": "none",
        "fontFamily": ".AppleSystemUIFont",
        "inherit": true
      },
      "bodySmall": {
        "color": "#8a000000",
        "decoration": "none",
        "fontFamily": ".AppleSystemUIFont",
        "inherit": true
      },
      "displayLarge": {
        "color": "#8a000000",
        "decoration": "none",
        "fontFamily": ".AppleSystemUIFont",
        "inherit": true
      },
      "displayMedium": {
        "color": "#8a000000",
        "decoration": "none",
        "fontFamily": ".AppleSystemUIFont",
        "inherit": true
      },
      "displaySmall": {
        "color": "#8a000000",
        "decoration": "none",
        "fontFamily": ".AppleSystemUIFont",
        "inherit": true
      },
      "headlineLarge": {
        "color": "#8a000000",
        "decoration": "none",
        "fontFamily": ".AppleSystemUIFont",
        "inherit": true
      },
      "headlineMedium": {
        "color": "#8a000000",
        "decoration": "none",
        "fontFamily": ".AppleSystemUIFont",
        "inherit": true
      },
      "headlineSmall": {
        "color": "#dd000000",
        "decoration": "none",
        "fontFamily": ".AppleSystemUIFont",
        "inherit": true
      },
      "labelLarge": {
        "color": "#dd000000",
        "decoration": "none",
        "fontFamily": ".AppleSystemUIFont",
        "inherit": true
      },
      "labelMedium": {
        "color": "#ff000000",
        "decoration": "none",
        "fontFamily": ".AppleSystemUIFont",
        "inherit": true
      },
      "labelSmall": {
        "color": "#ff000000",
        "decoration": "none",
        "fontFamily": ".AppleSystemUIFont",
        "inherit": true
      },
      "titleLarge": {
        "color": "#dd000000",
        "decoration": "none",
        "fontFamily": ".AppleSystemUIFont",
        "inherit": true
      },
      "titleMedium": {
        "color": "#dd000000",
        "decoration": "none",
        "fontFamily": ".AppleSystemUIFont",
        "inherit": true
      },
      "titleSmall": {
        "color": "#ff000000",
        "decoration": "none",
        "fontFamily": ".AppleSystemUIFont",
        "inherit": true
      }
    },
    "dense": {
      "bodyLarge": {
        "fontWeight": "w500",
        "fontSize": 15,
        "inherit": false,
        "textBaseline": "ideographic"
      },
      "bodyMedium": {
        "fontWeight": "w400",
        "fontSize": 15,
        "inherit": false,
        "textBaseline": "ideographic"
      },
      "bodySmall": {
        "fontWeight": "w400",
        "fontSize": 13,
        "inherit": false,
        "textBaseline": "ideographic"
      },
      "displayLarge": {
        "fontWeight": "w100",
        "fontSize": 112,
        "inherit": false,
        "textBaseline": "ideographic"
      },
      "displayMedium": {
        "fontWeight": "w400",
        "fontSize": 56,
        "inherit": false,
        "textBaseline": "ideographic"
      },
      "displaySmall": {
        "fontWeight": "w400",
        "fontSize": 45,
        "inherit": false,
        "textBaseline": "ideographic"
      },
      "headlineLarge": {
        "fontWeight": "w400",
        "fontSize": 40,
        "inherit": false,
        "textBaseline": "ideographic"
      },
      "headlineMedium": {
        "fontWeight": "w400",
        "fontSize": 34,
        "inherit": false,
        "textBaseline": "ideographic"
      },
      "headlineSmall": {
        "fontWeight": "w400",
        "fontSize": 24,
        "inherit": false,
        "textBaseline": "ideographic"
      },
      "labelLarge": {
        "fontWeight": "w500",
        "fontSize": 15,
        "inherit": false,
        "textBaseline": "ideographic"
      },
      "labelMedium": {
        "fontWeight": "w400",
        "fontSize": 12,
        "inherit": false,
        "textBaseline": "ideographic"
      },
      "labelSmall": {
        "fontWeight": "w400",
        "fontSize": 11,
        "inherit": false,
        "textBaseline": "ideographic"
      },
      "titleLarge": {
        "fontWeight": "w500",
        "fontSize": 21,
        "inherit": false,
        "textBaseline": "ideographic"
      },
      "titleMedium": {
        "fontWeight": "w400",
        "fontSize": 17,
        "inherit": false,
        "textBaseline": "ideographic"
      },
      "titleSmall": {
        "fontWeight": "w500",
        "fontSize": 15,
        "inherit": false,
        "textBaseline": "ideographic"
      }
    },
    "englishLike": {
      "bodyLarge": {
        "fontWeight": "w500",
        "fontSize": 14,
        "inherit": false,
        "textBaseline": "alphabetic"
      },
      "bodyMedium": {
        "fontWeight": "w400",
        "fontSize": 14,
        "inherit": false,
        "textBaseline": "alphabetic"
      },
      "bodySmall": {
        "fontWeight": "w400",
        "fontSize": 12,
        "inherit": false,
        "textBaseline": "alphabetic"
      },
      "displayLarge": {
        "fontWeight": "w100",
        "fontSize": 112,
        "inherit": false,
        "textBaseline": "alphabetic"
      },
      "displayMedium": {
        "fontWeight": "w400",
        "fontSize": 56,
        "inherit": false,
        "textBaseline": "alphabetic"
      },
      "displaySmall": {
        "fontWeight": "w400",
        "fontSize": 45,
        "inherit": false,
        "textBaseline": "alphabetic"
      },
      "headlineLarge": {
        "fontWeight": "w400",
        "fontSize": 40,
        "inherit": false,
        "textBaseline": "alphabetic"
      },
      "headlineMedium": {
        "fontWeight": "w400",
        "fontSize": 34,
        "inherit": false,
        "textBaseline": "alphabetic"
      },
      "headlineSmall": {
        "fontWeight": "w400",
        "fontSize": 24,
        "inherit": false,
        "textBaseline": "alphabetic"
      },
      "labelLarge": {
        "fontWeight": "w500",
        "fontSize": 14,
        "inherit": false,
        "textBaseline": "alphabetic"
      },
      "labelMedium": {
        "fontWeight": "w400",
        "fontSize": 12,
        "inherit": false,
        "textBaseline": "alphabetic"
      },
      "labelSmall": {
        "fontWeight": "w400",
        "fontSize": 10,
        "inherit": false,
        "letterSpacing": 1.5,
        "textBaseline": "alphabetic"
      },
      "titleLarge": {
        "fontWeight": "w500",
        "fontSize": 20,
        "inherit": false,
        "textBaseline": "alphabetic"
      },
      "titleMedium": {
        "fontWeight": "w400",
        "fontSize": 16,
        "inherit": false,
        "textBaseline": "alphabetic"
      },
      "titleSmall": {
        "fontWeight": "w500",
        "fontSize": 14,
        "inherit": false,
        "letterSpacing": 0.1,
        "textBaseline": "alphabetic"
      }
    },
    "tall": {
      "bodyLarge": {
        "fontWeight": "w700",
        "fontSize": 15,
        "inherit": false,
        "textBaseline": "alphabetic"
      },
      "bodyMedium": {
        "fontWeight": "w400",
        "fontSize": 15,
        "inherit": false,
        "textBaseline": "alphabetic"
      },
      "bodySmall": {
        "fontWeight": "w400",
        "fontSize": 13,
        "inherit": false,
        "textBaseline": "alphabetic"
      },
      "displayLarge": {
        "fontWeight": "w400",
        "fontSize": 112,
        "inherit": false,
        "textBaseline": "alphabetic"
      },
      "displayMedium": {
        "fontWeight": "w400",
        "fontSize": 56,
        "inherit": false,
        "textBaseline": "alphabetic"
      },
      "displaySmall": {
        "fontWeight": "w400",
        "fontSize": 45,
        "inherit": false,
        "textBaseline": "alphabetic"
      },
      "headlineLarge": {
        "fontWeight": "w400",
        "fontSize": 40,
        "inherit": false,
        "textBaseline": "alphabetic"
      },
      "headlineMedium": {
        "fontWeight": "w400",
        "fontSize": 34,
        "inherit": false,
        "textBaseline": "alphabetic"
      },
      "headlineSmall": {
        "fontWeight": "w400",
        "fontSize": 24,
        "inherit": false,
        "textBaseline": "alphabetic"
      },
      "labelLarge": {
        "fontWeight": "w700",
        "fontSize": 15,
        "inherit": false,
        "textBaseline": "alphabetic"
      },
      "labelMedium": {
        "fontWeight": "w400",
        "fontSize": 12,
        "inherit": false,
        "textBaseline": "alphabetic"
      },
      "labelSmall": {
        "fontWeight": "w400",
        "fontSize": 11,
        "inherit": false,
        "textBaseline": "alphabetic"
      },
      "titleLarge": {
        "fontWeight": "w700",
        "fontSize": 21,
        "inherit": false,
        "textBaseline": "alphabetic"
      },
      "titleMedium": {
        "fontWeight": "w400",
        "fontSize": 17,
        "inherit": false,
        "textBaseline": "alphabetic"
      },
      "titleSmall": {
        "fontWeight": "w500",
        "fontSize": 15,
        "inherit": false,
        "textBaseline": "alphabetic"
      }
    },
    "white": {
      "bodyLarge": {
        "color": "#ffffffff",
        "decoration": "none",
        "fontFamily": ".AppleSystemUIFont",
        "inherit": true
      },
      "bodyMedium": {
        "color": "#ffffffff",
        "decoration": "none",
        "fontFamily": ".AppleSystemUIFont",
        "inherit": true
      },
      "bodySmall": {
        "color": "#b3ffffff",
        "decoration": "none",
        "fontFamily": ".AppleSystemUIFont",
        "inherit": true
      },
      "displayLarge": {
        "color": "#b3ffffff",
        "decoration": "none",
        "fontFamily": ".AppleSystemUIFont",
        "inherit": true
      },
      "displayMedium": {
        "color": "#b3ffffff",
        "decoration": "none",
        "fontFamily": ".AppleSystemUIFont",
        "inherit": true
      },
      "displaySmall": {
        "color": "#b3ffffff",
        "decoration": "none",
        "fontFamily": ".AppleSystemUIFont",
        "inherit": true
      },
      "headlineLarge": {
        "color": "#b3ffffff",
        "decoration": "none",
        "fontFamily": ".AppleSystemUIFont",
        "inherit": true
      },
      "headlineMedium": {
        "color": "#b3ffffff",
        "decoration": "none",
        "fontFamily": ".AppleSystemUIFont",
        "inherit": true
      },
      "headlineSmall": {
        "color": "#ffffffff",
        "decoration": "none",
        "fontFamily": ".AppleSystemUIFont",
        "inherit": true
      },
      "labelLarge": {
        "color": "#ffffffff",
        "decoration": "none",
        "fontFamily": ".AppleSystemUIFont",
        "inherit": true
      },
      "labelMedium": {
        "color": "#ffffffff",
        "decoration": "none",
        "fontFamily": ".AppleSystemUIFont",
        "inherit": true
      },
      "labelSmall": {
        "color": "#ffffffff",
        "decoration": "none",
        "fontFamily": ".AppleSystemUIFont",
        "inherit": true
      },
      "titleLarge": {
        "color": "#ffffffff",
        "decoration": "none",
        "fontFamily": ".AppleSystemUIFont",
        "inherit": true
      },
      "titleMedium": {
        "color": "#ffffffff",
        "decoration": "none",
        "fontFamily": ".AppleSystemUIFont",
        "inherit": true
      },
      "titleSmall": {
        "color": "#ffffffff",
        "decoration": "none",
        "fontFamily": ".AppleSystemUIFont",
        "inherit": true
      }
    }
  },
  "unselectedWidgetColor": "#8a000000",
  "useMaterial3": false,
  "visualDensity": "compact"
}