{"assets/appicon/android_12_splash.png":["assets/appicon/android_12_splash.png"],"assets/appicon/dev_icon.png":["assets/appicon/dev_icon.png"],"assets/appicon/my_wall_icon.png":["assets/appicon/my_wall_icon.png"],"assets/appicon/prod_icon.png":["assets/appicon/prod_icon.png"],"assets/appicon/qa_icon.png":["assets/appicon/qa_icon.png"],"assets/json/loading.json":["assets/json/loading.json"],"assets/them/darkThemData.json":["assets/them/darkThemData.json"],"assets/them/lightThemData.json":["assets/them/lightThemData.json"],"packages/cupertino_icons/assets/CupertinoIcons.ttf":["packages/cupertino_icons/assets/CupertinoIcons.ttf"],"packages/flutter_inappwebview/assets/t_rex_runner/t-rex.css":["packages/flutter_inappwebview/assets/t_rex_runner/t-rex.css"],"packages/flutter_inappwebview/assets/t_rex_runner/t-rex.html":["packages/flutter_inappwebview/assets/t_rex_runner/t-rex.html"],"packages/fluttertoast/assets/toastify.css":["packages/fluttertoast/assets/toastify.css"],"packages/fluttertoast/assets/toastify.js":["packages/fluttertoast/assets/toastify.js"]}